{
	"default.png": {
		"title": "Default",
		"sizes": "50,50"
	},
	"default_1.png": {
		"title": "Default 1",
		"sizes": "33,44"
	},
	"accessible.png": {
		"title": "Accessibility",
		"sizes": "45,45"
	},
	"automotive.png": {
		"title": "Automotive",
		"sizes": "33,44"
	},
	"bars.png": {
		"title": "Bars",
		"sizes": "33,44"
	},
	"bicycle.png": {
		"title": "Bicycle",
		"sizes": "45,45"
	},
	"bicycle_1.png": {
		"title": "Bicycle 1",
		"sizes": "50,50"
	},
	"books-media.png": {
		"title": "Books & Media",
		"sizes": "33,44"
	},
	"charging-station.png": {
		"title": "Chargin Station",
		"sizes": "45,45"
	},
	"clothings.png": {
		"title": "Clothings",
		"sizes": "33,44"
	},
	"commercial-places.png": {
		"title": "Commercial Places",
		"sizes": "33,44"
	},
	"computers.png": {
		"title": "Computers",
		"sizes": "33,44"
	},
	"doctors.png": {
		"title": "Doctors",
		"sizes": "33,44"
	},
	"electric-car.png": {
		"title": "Electric Car",
		"sizes": "45,45"
	},
	"exhibitions.png": {
		"title": "Exhibitions",
		"sizes": "33,44"
	},
	"fashion.png": {
		"title": "Fashion",
		"sizes": "33,44"
	},
	"flag-chartreuse.png": {
		"title": "Flag Chartreuse",
		"sizes": "72,72"
	},
	"food.png": {
		"title": "Food",
		"sizes": "33,44"
	},
	"government.png": {
		"title": "Government",
		"sizes": "33,44"
	},
	"health-medical.png": {
		"title": "Health Medical",
		"sizes": "33,44"
	},
	"hotels.png": {
		"title": "Hotels",
		"sizes": "33,44"
	},
	"industries.png": {
		"title": "Industries",
		"sizes": "33,44"
	},
	"libraries.png": {
		"title": "Libraries",
		"sizes": "33,44"
	},
	"magazines.png": {
		"title": "Magazines",
		"sizes": "33,44"
	},
	"mountain.png": {
		"title": "Mountain",
		"sizes": "45,45"
	},
	"movies.png": {
		"title": "Movie Theaters",
		"sizes": "33,44"
	},
	"museums.png": {
		"title": "Museums",
		"sizes": "33,44"
	},
	"nightlife.png": {
		"title": "Nightlife",
		"sizes": "33,44"
	},
	"parking.png": {
		"title": "Parking",
		"sizes": "60,60"
	},
	"parks.png": {
		"title": "Parks",
		"sizes": "33,44"
	},
	"places.png": {
		"title": "Places",
		"sizes": "33,44"
	},
	"real-estate.png": {
		"title": "Real Estate",
		"sizes": "33,44"
	},
	"restaurants.png": {
		"title": "Restaurants",
		"sizes": "33,44"
	},
	"schools.png": {
		"title": "Schools",
		"sizes": "33,44"
	},
	"sports.png": {
		"title": "Sports",
		"sizes": "33,44"
	},
	"swimming-pools.png": {
		"title": "Swimming Pools",
		"sizes": "33,44"
	},
	"transport.png": {
		"title": "Transport",
		"sizes": "33,44"
	}
}