{
    "type": "FeatureCollection",
    "name": "sql_statement",
    "crs": {
        "type": "name",
        "properties": {
            "name": "urn:ogc:def:crs:OGC:1.3:CRS84"
        }
    },
    "features": [
        {
            "type": "Feature",
            "properties": {
                "osm_id": "node/2435592229",
                "ref_cnc": null,
                "name": "Cinémathèque de Grenoble",
                "marque": null,
                "wheelchair": null,
                "opening_hours": "Mo-Fr 09:00-12:30,14:00-17:30",
                "open_air": null,
                "drive_in": null,
                "cinema3d": null,
                "nb_screens": null,
                "capacity": null,
                "acoustic": null,
                "website": "https://www.cinemathequedegrenoble.fr",
                "phone": "+33 4 76 54 43 51",
                "facebook": null,
                "wikidata": "Q20089537",
                "siret": null,
                "com_insee": "38185",
                "com_nom": "Grenoble"
            },
            "geometry": {
                "type": "Point",
                "coordinates": [
                    5.7273617,
                    45.193226300448643
                ]
            }
        },
        {
            "type": "Feature",
            "properties": {
                "osm_id": "node/2815146362",
                "ref_cnc": "719456",
                "name": "Le Méliès",
                "marque": null,
                "wheelchair": "yes",
                "opening_hours": "Mo-Su 13:30-21:00 \"Ouvert 20 minutes avant la 1ère séance\"",
                "open_air": null,
                "drive_in": null,
                "cinema3d": null,
                "nb_screens": null,
                "capacity": null,
                "acoustic": null,
                "website": "https://cinemalemelies.org/",
                "phone": "+33476479931",
                "facebook": "https://www.facebook.com/cinema.melies/",
                "wikidata": null,
                "siret": null,
                "com_insee": "38185",
                "com_nom": "Grenoble"
            },
            "geometry": {
                "type": "Point",
                "coordinates": [
                    5.7238394,
                    45.18275080044976
                ]
            }
        },
        {
            "type": "Feature",
            "properties": {
                "osm_id": "node/298447476",
                "ref_cnc": "185023",
                "name": "Le Club",
                "marque": null,
                "wheelchair": "yes",
                "opening_hours": "Mo-Th 11:55-23:55; Fr,Sa 13:05-23:55; Su 10:40-23:55",
                "open_air": null,
                "drive_in": null,
                "cinema3d": null,
                "nb_screens": null,
                "capacity": null,
                "acoustic": "voice_description",
                "website": "http://cinemaleclub.com/",
                "phone": "+33476872898",
                "facebook": null,
                "wikidata": null,
                "siret": null,
                "com_insee": "38185",
                "com_nom": "Grenoble"
            },
            "geometry": {
                "type": "Point",
                "coordinates": [
                    5.7224242,
                    45.187163000449296
                ]
            }
        },
        {
            "type": "Feature",
            "properties": {
                "osm_id": "node/3096063476",
                "ref_cnc": null,
                "name": "Salle Juliet Berto - CinéClub Cinémathèque de Grenoble",
                "marque": null,
                "wheelchair": null,
                "opening_hours": null,
                "open_air": null,
                "drive_in": null,
                "cinema3d": null,
                "nb_screens": null,
                "capacity": null,
                "acoustic": null,
                "website": "http://www.ccc-grenoble.fr",
                "phone": null,
                "facebook": null,
                "wikidata": null,
                "siret": null,
                "com_insee": "38185",
                "com_nom": "Grenoble"
            },
            "geometry": {
                "type": "Point",
                "coordinates": [
                    5.7276409,
                    45.193006300448673
                ]
            }
        },
        {
            "type": "Feature",
            "properties": {
                "osm_id": "node/313952440",
                "ref_cnc": "185002",
                "name": "Les 6 Rex",
                "marque": null,
                "wheelchair": "yes",
                "opening_hours": "Mo-Su 13:30-23:30",
                "open_air": null,
                "drive_in": null,
                "cinema3d": "yes",
                "nb_screens": "6",
                "capacity": "1009",
                "acoustic": null,
                "website": null,
                "phone": "+33 4 76 44 06 82",
                "facebook": null,
                "wikidata": null,
                "siret": null,
                "com_insee": "38185",
                "com_nom": "Grenoble"
            },
            "geometry": {
                "type": "Point",
                "coordinates": [
                    5.7286083,
                    45.189539000449038
                ]
            }
        },
        {
            "type": "Feature",
            "properties": {
                "osm_id": "node/505202670",
                "ref_cnc": "185044",
                "name": "La Nef",
                "marque": null,
                "wheelchair": "limited",
                "opening_hours": "Mo-Su 13:30-23:30",
                "open_air": null,
                "drive_in": null,
                "cinema3d": "yes",
                "nb_screens": "7",
                "capacity": "876",
                "acoustic": null,
                "website": null,
                "phone": "+33 4 76 46 53 25",
                "facebook": null,
                "wikidata": null,
                "siret": null,
                "com_insee": "38185",
                "com_nom": "Grenoble"
            },
            "geometry": {
                "type": "Point",
                "coordinates": [
                    5.7233643,
                    45.190576000448949
                ]
            }
        },
        {
            "type": "Feature",
            "properties": {
                "osm_id": "way/22981812",
                "ref_cnc": "185116",
                "name": "Pathé Chavant",
                "marque": "Pathé Gaumont",
                "wheelchair": "yes",
                "opening_hours": null,
                "open_air": null,
                "drive_in": null,
                "cinema3d": null,
                "nb_screens": null,
                "capacity": null,
                "acoustic": null,
                "website": "https://www.cinemaspathegaumont.com",
                "phone": "+33892696696",
                "facebook": null,
                "wikidata": "Q3060526",
                "siret": null,
                "com_insee": "38185",
                "com_nom": "Grenoble"
            },
            "geometry": {
                "type": "Point",
                "coordinates": [
                    5.731593258113058,
                    45.185997377626734
                ]
            }
        }
    ]
}