{
"type": "FeatureCollection",
"name": "sql_statement",
"crs": { "type": "name", "properties": { "name": "urn:ogc:def:crs:OGC:1.3:CRS84" } },
"features": [
{ "type": "Feature", "properties": { "osm_id": "node/1242991253", "ref_cnc": "3741", "name": "Studio 28", "marque": null, "wheelchair": null, "opening_hours": null, "open_air": null, "drive_in": null, "cinema3d": null, "nb_screens": null, "capacity": null, "acoustic": null, "website": "http://www.cinemastudio28.com", "phone": null, "facebook": null, "wikidata": "Q3500949", "siret": null, "com_insee": "75056", "com_nom": "Paris" }, "geometry": { "type": "Point", "coordinates": [ 2.3353884, 48.886138099720554 ] } },
{ "type": "Feature", "properties": { "osm_id": "node/1427838200", "ref_cnc": "8374", "name": "Écoles Cinéma Club", "marque": null, "wheelchair": "no", "opening_hours": null, "open_air": null, "drive_in": null, "cinema3d": null, "nb_screens": null, "capacity": null, "acoustic": null, "website": "https://pariscinemaclub.com/ecoles/", "phone": "+33 1 43 25 72 07", "facebook": null, "wikidata": "Q3222222", "siret": null, "com_insee": "75056", "com_nom": "Paris" }, "geometry": { "type": "Point", "coordinates": [ 2.3489766, 48.848361899729923 ] } },
{ "type": "Feature", "properties": { "osm_id": "node/1427838201", "ref_cnc": "8531", "name": "Le Grand Action", "marque": null, "wheelchair": null, "opening_hours": null, "open_air": null, "drive_in": null, "cinema3d": null, "nb_screens": null, "capacity": null, "acoustic": null, "website": "http://www.legrandaction.com/", "phone": null, "facebook": null, "wikidata": "Q3113488", "siret": null, "com_insee": "75056", "com_nom": "Paris" }, "geometry": { "type": "Point", "coordinates": [ 2.3521266, 48.847521199730139 ] } },
{ "type": "Feature", "properties": { "osm_id": "node/1427838202", "ref_cnc": "8514", "name": "L'Épée de Bois", "marque": null, "wheelchair": null, "opening_hours": null, "open_air": null, "drive_in": null, "cinema3d": null, "nb_screens": null, "capacity": null, "acoustic": null, "website": "http://www.cine-epeedebois.fr", "phone": null, "facebook": null, "wikidata": "Q3205404", "siret": null, "com_insee": "75056", "com_nom": "Paris" }, "geometry": { "type": "Point", "coordinates": [ 2.3495453, 48.841269799731684 ] } },
{ "type": "Feature", "properties": { "osm_id": "node/1427838203", "ref_cnc": "8361", "name": "Espace Saint-Michel", "marque": null, "wheelchair": "no", "opening_hours": null, "open_air": null, "drive_in": null, "cinema3d": null, "nb_screens": null, "capacity": null, "acoustic": null, "website": "http://cinemasaintmichel.free.fr/", "phone": null, "facebook": null, "wikidata": "Q3058157", "siret": null, "com_insee": "75056", "com_nom": "Paris" }, "geometry": { "type": "Point", "coordinates": [ 2.3443173, 48.853064999728765 ] } },
{ "type": "Feature", "properties": { "osm_id": "node/1427978193", "ref_cnc": "8341", "name": "Nouvel Odéon", "marque": "Haut et Court", "wheelchair": null, "opening_hours": null, "open_air": null, "drive_in": null, "cinema3d": null, "nb_screens": null, "capacity": null, "acoustic": null, "website": "https://www.nouvelodeon.com/", "phone": null, "facebook": null, "wikidata": "Q3345115", "siret": null, "com_insee": "75056", "com_nom": "Paris" }, "geometry": { "type": "Point", "coordinates": [ 2.3417802, 48.850808299729309 ] } },
{ "type": "Feature", "properties": { "osm_id": "node/1427978194", "ref_cnc": "751", "name": "Saint-André des Arts", "marque": null, "wheelchair": "no", "opening_hours": null, "open_air": null, "drive_in": null, "cinema3d": null, "nb_screens": null, "capacity": null, "acoustic": null, "website": "http://www.cinesaintandre.fr/", "phone": "+33 1 43 26 48 18", "facebook": "cinema.saintandredesarts", "wikidata": "Q3461762", "siret": "38999207400010", "com_insee": "75056", "com_nom": "Paris" }, "geometry": { "type": "Point", "coordinates": [ 2.3421249, 48.853373699728699 ] } },
{ "type": "Feature", "properties": { "osm_id": "node/1427978195", "ref_cnc": "741", "name": "Les 3 Luxembourg", "marque": null, "wheelchair": null, "opening_hours": null, "open_air": null, "drive_in": null, "cinema3d": null, "nb_screens": null, "capacity": null, "acoustic": null, "website": "https://www.lestroisluxembourg.com/", "phone": null, "facebook": "https://www.facebook.com/les3luxembourg/", "wikidata": "Q3230330", "siret": null, "com_insee": "75056", "com_nom": "Paris" }, "geometry": { "type": "Point", "coordinates": [ 2.3408453, 48.84840199972993 ] } },
{ "type": "Feature", "properties": { "osm_id": "node/1427978196", "ref_cnc": "883", "name": "Christine Cinéma Club", "marque": null, "wheelchair": null, "opening_hours": null, "open_air": null, "drive_in": null, "cinema3d": null, "nb_screens": "2", "capacity": null, "acoustic": null, "website": "https://pariscinemaclub.com/christine/", "phone": "+33 1 43 25 85 78", "facebook": null, "wikidata": "Q2823639", "siret": null, "com_insee": "75056", "com_nom": "Paris" }, "geometry": { "type": "Point", "coordinates": [ 2.3401739, 48.854495399728421 ] } },
{ "type": "Feature", "properties": { "osm_id": "node/1428007259", "ref_cnc": "2982", "name": "5 Caumartin", "marque": null, "wheelchair": null, "opening_hours": null, "open_air": null, "drive_in": null, "cinema3d": null, "nb_screens": null, "capacity": null, "acoustic": null, "website": "https://www.cinqcaumartin.com", "phone": "+33 1 53 32 85 29", "facebook": null, "wikidata": "Q42296703", "siret": null, "com_insee": "75056", "com_nom": "Paris" }, "geometry": { "type": "Point", "coordinates": [ 2.3279594, 48.875563599723179 ] } },
{ "type": "Feature", "properties": { "osm_id": "node/1428007260", "ref_cnc": "301", "name": "Max Linder Panorama", "marque": null, "wheelchair": "yes", "opening_hours": null, "open_air": null, "drive_in": null, "cinema3d": "yes", "nb_screens": "1", "capacity": "580", "acoustic": null, "website": "http://maxlinder.com/", "phone": "+33 1 48 00 90 24", "facebook": null, "wikidata": "Q3302209", "siret": null, "com_insee": "75056", "com_nom": "Paris" }, "geometry": { "type": "Point", "coordinates": [ 2.3448127, 48.8713795997242 ] } },
{ "type": "Feature", "properties": { "osm_id": "node/1428007262", "ref_cnc": "35", "name": "Le Balzac", "marque": null, "wheelchair": "no", "opening_hours": null, "open_air": null, "drive_in": null, "cinema3d": null, "nb_screens": null, "capacity": null, "acoustic": null, "website": "http://www.cinemabalzac.com/", "phone": null, "facebook": null, "wikidata": "Q3220259", "siret": null, "com_insee": "75056", "com_nom": "Paris" }, "geometry": { "type": "Point", "coordinates": [ 2.2997201, 48.872880399723854 ] } },
{ "type": "Feature", "properties": { "osm_id": "node/1428007263", "ref_cnc": "1031", "name": "Publicis Cinémas", "marque": null, "wheelchair": null, "opening_hours": null, "open_air": null, "drive_in": null, "cinema3d": null, "nb_screens": null, "capacity": null, "acoustic": null, "website": "https://www.publicisdrugstore.com", "phone": null, "facebook": null, "wikidata": null, "siret": null, "com_insee": "75056", "com_nom": "Paris" }, "geometry": { "type": "Point", "coordinates": [ 2.2973109, 48.872603499723915 ] } },
{ "type": "Feature", "properties": { "osm_id": "node/1428007264", "ref_cnc": "31", "name": "UGC Normandie", "marque": "UGC", "wheelchair": null, "opening_hours": null, "open_air": null, "drive_in": null, "cinema3d": null, "nb_screens": "4", "capacity": null, "acoustic": "voice_description", "website": "https://www.ugc.fr/cinema.html?id=2", "phone": null, "facebook": null, "wikidata": "Q3547190", "siret": null, "com_insee": "75056", "com_nom": "Paris" }, "geometry": { "type": "Point", "coordinates": [ 2.3008265, 48.872440099723939 ] } },
{ "type": "Feature", "properties": { "osm_id": "node/1428020597", "ref_cnc": "1393", "name": "Le Brady", "marque": null, "wheelchair": null, "opening_hours": null, "open_air": null, "drive_in": null, "cinema3d": null, "nb_screens": null, "capacity": null, "acoustic": null, "website": "https://www.lebrady.fr", "phone": null, "facebook": null, "wikidata": "Q3220615", "siret": null, "com_insee": "75056", "com_nom": "Paris" }, "geometry": { "type": "Point", "coordinates": [ 2.3553091, 48.871770799724132 ] } },
{ "type": "Feature", "properties": { "osm_id": "node/1428020598", "ref_cnc": "5861", "name": "MK2 Bastille (côté Beaumarchais)", "marque": "MK2", "wheelchair": null, "opening_hours": null, "open_air": null, "drive_in": null, "cinema3d": null, "nb_screens": "4", "capacity": "469", "acoustic": null, "website": "https://www.mk2.com/salles/mk2-bastille-beaumarchais-fg-st-antoine", "phone": null, "facebook": "https://www.facebook.com/mk2bastillebeaumarchais", "wikidata": "Q3273023", "siret": null, "com_insee": "75056", "com_nom": "Paris" }, "geometry": { "type": "Point", "coordinates": [ 2.3691603, 48.854534899728407 ] } },
{ "type": "Feature", "properties": { "osm_id": "node/1428020599", "ref_cnc": "1392", "name": "L'Archipel", "marque": null, "wheelchair": null, "opening_hours": null, "open_air": null, "drive_in": null, "cinema3d": null, "nb_screens": null, "capacity": null, "acoustic": null, "website": "https://www.larchipel.net/", "phone": null, "facebook": null, "wikidata": "Q3202281", "siret": null, "com_insee": "75056", "com_nom": "Paris" }, "geometry": { "type": "Point", "coordinates": [ 2.3546023, 48.870478599724436 ] } },
{ "type": "Feature", "properties": { "osm_id": "node/1428083249", "ref_cnc": "8161", "name": "Chaplin Denfert", "marque": "The Boxoffice Company", "wheelchair": "no", "opening_hours": null, "open_air": null, "drive_in": null, "cinema3d": null, "nb_screens": null, "capacity": null, "acoustic": null, "website": "https://www.lescinemaschaplin.fr/denfert/", "phone": null, "facebook": null, "wikidata": null, "siret": null, "com_insee": "75056", "com_nom": "Paris" }, "geometry": { "type": "Point", "coordinates": [ 2.3309675, 48.833859999733527 ] } },
{ "type": "Feature", "properties": { "osm_id": "node/1428083261", "ref_cnc": "2543", "name": "Cinema Mac Mahon", "marque": "Bolloré", "wheelchair": null, "opening_hours": null, "open_air": null, "drive_in": null, "cinema3d": null, "nb_screens": null, "capacity": null, "acoustic": null, "website": "http://www.cinema-mac-mahon.abcsalles.com", "phone": null, "facebook": null, "wikidata": "Q2973115", "siret": null, "com_insee": "75056", "com_nom": "Paris" }, "geometry": { "type": "Point", "coordinates": [ 2.2944347, 48.875547599723191 ] } },
{ "type": "Feature", "properties": { "osm_id": "node/1428083267", "ref_cnc": "2251", "name": "Majestic Passy", "marque": "Les Écrans de Paris", "wheelchair": "limited", "opening_hours": null, "open_air": null, "drive_in": null, "cinema3d": null, "nb_screens": null, "capacity": null, "acoustic": null, "website": "http://www.lesecransdeparis.fr/cinema/2853/majestic-passy/portail", "phone": null, "facebook": null, "wikidata": "Q3280486", "siret": null, "com_insee": "75056", "com_nom": "Paris" }, "geometry": { "type": "Point", "coordinates": [ 2.2821875, 48.858292999727468 ] } },
{ "type": "Feature", "properties": { "osm_id": "node/2123993297", "ref_cnc": "no", "name": "Cinémathèque Robert Lynen", "marque": null, "wheelchair": null, "opening_hours": "Mo-Fr 09:00-18:00", "open_air": null, "drive_in": null, "cinema3d": null, "nb_screens": null, "capacity": null, "acoustic": null, "website": "http://www.cinemathequerobertlynen.paris", "phone": "+33 1 42 12 81 54", "facebook": null, "wikidata": "Q2973240", "siret": null, "com_insee": "75056", "com_nom": "Paris" }, "geometry": { "type": "Point", "coordinates": [ 2.3117825, 48.883243099721284 ] } },
{ "type": "Feature", "properties": { "osm_id": "node/232928765", "ref_cnc": "7491", "name": "Gaumont Aquaboulevard", "marque": "Pathé Gaumont", "wheelchair": null, "opening_hours": null, "open_air": null, "drive_in": null, "cinema3d": null, "nb_screens": null, "capacity": null, "acoustic": null, "website": "https://www.cinemaspathegaumont.com", "phone": null, "facebook": null, "wikidata": "Q3060526", "siret": null, "com_insee": "75056", "com_nom": "Paris" }, "geometry": { "type": "Point", "coordinates": [ 2.276181, 48.830730199734305 ] } },
{ "type": "Feature", "properties": { "osm_id": "node/259439927", "ref_cnc": "481", "name": "Gaumont Parnasse", "marque": "Pathé Gaumont", "wheelchair": "yes", "opening_hours": null, "open_air": null, "drive_in": null, "cinema3d": null, "nb_screens": null, "capacity": null, "acoustic": null, "website": "https://www.cinemaspathegaumont.com/cinemas/cinema-gaumont-parnasse", "phone": "+33892696696", "facebook": null, "wikidata": "Q97319430", "siret": null, "com_insee": "75056", "com_nom": "Paris" }, "geometry": { "type": "Point", "coordinates": [ 2.3244918, 48.843073199731229 ] } },
{ "type": "Feature", "properties": { "osm_id": "node/259439940", "ref_cnc": "802", "name": "UGC Rotonde", "marque": "UGC", "wheelchair": null, "opening_hours": null, "open_air": null, "drive_in": null, "cinema3d": null, "nb_screens": "3", "capacity": null, "acoustic": "voice_description", "website": "https://www.ugc.fr/cinema.html?id=15", "phone": null, "facebook": null, "wikidata": "Q1643241", "siret": null, "com_insee": "75056", "com_nom": "Paris" }, "geometry": { "type": "Point", "coordinates": [ 2.3289276, 48.842453399731383 ] } },
{ "type": "Feature", "properties": { "osm_id": "node/259440049", "ref_cnc": "451", "name": "UGC Montparnasse", "marque": "UGC", "wheelchair": null, "opening_hours": null, "open_air": null, "drive_in": null, "cinema3d": null, "nb_screens": null, "capacity": null, "acoustic": "voice_description", "website": "https://www.ugc.fr/cinema.html?id=14", "phone": null, "facebook": "https://www.facebook.com/pages/UGC-Montparnasse/2131831380188974", "wikidata": "Q42296678", "siret": null, "com_insee": "75056", "com_nom": "Paris" }, "geometry": { "type": "Point", "coordinates": [ 2.3257407, 48.843499299731143 ] } },
{ "type": "Feature", "properties": { "osm_id": "node/259440483", "ref_cnc": "7711", "name": "Gaumont Montparnos", "marque": "Pathé Gaumont", "wheelchair": null, "opening_hours": null, "open_air": null, "drive_in": null, "cinema3d": null, "nb_screens": null, "capacity": null, "acoustic": null, "website": "https://www.cinemaspathegaumont.com/cinemas/cinema-gaumont-parnasse", "phone": null, "facebook": null, "wikidata": "Q3233921", "siret": null, "com_insee": "75056", "com_nom": "Paris" }, "geometry": { "type": "Point", "coordinates": [ 2.3244015, 48.842038699731496 ] } },
{ "type": "Feature", "properties": { "osm_id": "node/260016963", "ref_cnc": null, "name": "Gaumont Parnasse", "marque": "Pathé Gaumont", "wheelchair": "yes", "opening_hours": null, "open_air": null, "drive_in": null, "cinema3d": null, "nb_screens": null, "capacity": null, "acoustic": null, "website": "https://www.cinemaspathegaumont.com/cinemas/cinema-gaumont-parnasse", "phone": "+33892696696", "facebook": null, "wikidata": "Q97319430", "siret": null, "com_insee": "75056", "com_nom": "Paris" }, "geometry": { "type": "Point", "coordinates": [ 2.3245561, 48.843287199731193 ] } },
{ "type": "Feature", "properties": { "osm_id": "node/260017004", "ref_cnc": "803", "name": "Le Bretagne", "marque": null, "wheelchair": null, "opening_hours": null, "open_air": null, "drive_in": null, "cinema3d": "yes", "nb_screens": "2", "capacity": null, "acoustic": null, "website": "https://www.cinemalebretagne.fr/", "phone": "+33 1 45 48 92 19", "facebook": null, "wikidata": "Q2924547", "siret": null, "com_insee": "75056", "com_nom": "Paris" }, "geometry": { "type": "Point", "coordinates": [ 2.3249468, 48.843790399731077 ] } },
{ "type": "Feature", "properties": { "osm_id": "node/262239996", "ref_cnc": "7231", "name": "Cinéma Chaplin", "marque": "The Boxoffice Company", "wheelchair": null, "opening_hours": null, "open_air": null, "drive_in": null, "cinema3d": null, "nb_screens": null, "capacity": null, "acoustic": null, "website": "https://www.lescinemaschaplin.fr/st-lambert/", "phone": null, "facebook": null, "wikidata": null, "siret": null, "com_insee": "75056", "com_nom": "Paris" }, "geometry": { "type": "Point", "coordinates": [ 2.2985273, 48.84307929973123 ] } },
{ "type": "Feature", "properties": { "osm_id": "node/2996098404", "ref_cnc": "483", "name": "L'Entrepôt (Cinéma)", "marque": null, "wheelchair": null, "opening_hours": "Mo-Su 10:00-20:30", "open_air": null, "drive_in": null, "cinema3d": null, "nb_screens": "3", "capacity": null, "acoustic": null, "website": "http://www.lentrepot.fr", "phone": null, "facebook": null, "wikidata": "Q42296611", "siret": null, "com_insee": "75056", "com_nom": "Paris" }, "geometry": { "type": "Point", "coordinates": [ 2.3165303, 48.833942299733508 ] } },
{ "type": "Feature", "properties": { "osm_id": "node/3109085232", "ref_cnc": "204", "name": "UGC Opéra", "marque": "UGC", "wheelchair": "no", "opening_hours": null, "open_air": null, "drive_in": null, "cinema3d": null, "nb_screens": "4", "capacity": null, "acoustic": null, "website": "https://www.ugc.fr/cinema.html?id=9", "phone": null, "facebook": null, "wikidata": "Q1643241", "siret": null, "com_insee": "75056", "com_nom": "Paris" }, "geometry": { "type": "Point", "coordinates": [ 2.3353089, 48.87137459972422 ] } },
{ "type": "Feature", "properties": { "osm_id": "node/319851795", "ref_cnc": "821", "name": "Sept Parnassiens", "marque": null, "wheelchair": null, "opening_hours": null, "open_air": null, "drive_in": null, "cinema3d": null, "nb_screens": null, "capacity": null, "acoustic": null, "website": "https://www.parnassiens.com/", "phone": null, "facebook": null, "wikidata": "Q3478900", "siret": null, "com_insee": "75056", "com_nom": "Paris" }, "geometry": { "type": "Point", "coordinates": [ 2.3276286, 48.842415199731406 ] } },
{ "type": "Feature", "properties": { "osm_id": "node/320952619", "ref_cnc": "8422", "name": "Le Champo", "marque": null, "wheelchair": "no", "opening_hours": null, "open_air": null, "drive_in": "no", "cinema3d": "no", "nb_screens": "2", "capacity": null, "acoustic": null, "website": "http://www.lechampo.com/", "phone": null, "facebook": null, "wikidata": "Q3220985", "siret": null, "com_insee": "75056", "com_nom": "Paris" }, "geometry": { "type": "Point", "coordinates": [ 2.3431466, 48.849961099729555 ] } },
{ "type": "Feature", "properties": { "osm_id": "node/320952621", "ref_cnc": "8513", "name": "Reflet Médicis", "marque": "Les Écrans de Paris", "wheelchair": null, "opening_hours": null, "open_air": null, "drive_in": null, "cinema3d": null, "nb_screens": null, "capacity": null, "acoustic": null, "website": "http://www.lesecransdeparis.fr/cinema/2950/reflet-medicis/portail", "phone": null, "facebook": null, "wikidata": "Q3423049", "siret": null, "com_insee": "75056", "com_nom": "Paris" }, "geometry": { "type": "Point", "coordinates": [ 2.3430298, 48.849753499729594 ] } },
{ "type": "Feature", "properties": { "osm_id": "node/321011961", "ref_cnc": "8632", "name": "UGC Gobelins", "marque": "UGC", "wheelchair": "yes", "opening_hours": null, "open_air": null, "drive_in": null, "cinema3d": null, "nb_screens": "11", "capacity": null, "acoustic": "voice_description", "website": "https://www.ugc.fr/cinema.html?id=5", "phone": "+33 1 46 37 28 24", "facebook": "UGC.Gobelins", "wikidata": "Q42296601", "siret": null, "com_insee": "75056", "com_nom": "Paris" }, "geometry": { "type": "Point", "coordinates": [ 2.3541908, 48.832844899733786 ] } },
{ "type": "Feature", "properties": { "osm_id": "node/321012070", "ref_cnc": "8621", "name": "Gaumont Les Fauvettes", "marque": "Pathé Gaumont", "wheelchair": "yes", "opening_hours": null, "open_air": null, "drive_in": null, "cinema3d": "no", "nb_screens": "5", "capacity": "638", "acoustic": null, "website": "https://www.cinemaspathegaumont.com/cinemas/cinema-gaumont-les-fauvettes", "phone": null, "facebook": null, "wikidata": "Q42296592", "siret": null, "com_insee": "75056", "com_nom": "Paris" }, "geometry": { "type": "Point", "coordinates": [ 2.3537862, 48.833535099733602 ] } },
{ "type": "Feature", "properties": { "osm_id": "node/322020025", "ref_cnc": "731", "name": "MK2 Odéon", "marque": "MK2", "wheelchair": null, "opening_hours": null, "open_air": null, "drive_in": null, "cinema3d": null, "nb_screens": "5", "capacity": "815", "acoustic": null, "website": "https://www.mk2.com/salle/odeon", "phone": null, "facebook": "https://www.facebook.com/mk2odeonstgermain", "wikidata": "Q3273030", "siret": null, "com_insee": "75056", "com_nom": "Paris" }, "geometry": { "type": "Point", "coordinates": [ 2.3382646, 48.852415699728915 ] } },
{ "type": "Feature", "properties": { "osm_id": "node/428064589", "ref_cnc": "6212", "name": "MK2 Nation", "marque": "MK2", "wheelchair": "yes", "opening_hours": null, "open_air": null, "drive_in": null, "cinema3d": null, "nb_screens": "6", "capacity": "551", "acoustic": null, "website": "https://www.mk2.com/salle/nation", "phone": null, "facebook": "https://www.facebook.com/mk2nation", "wikidata": "Q3273029", "siret": null, "com_insee": "75056", "com_nom": "Paris" }, "geometry": { "type": "Point", "coordinates": [ 2.3931394, 48.84823989972994 ] } },
{ "type": "Feature", "properties": { "osm_id": "node/428065606", "ref_cnc": "531", "name": "MK2 Beaubourg", "marque": "MK2", "wheelchair": "no", "opening_hours": null, "open_air": null, "drive_in": null, "cinema3d": null, "nb_screens": "6", "capacity": "557", "acoustic": null, "website": "https://www.mk2.com/salles/mk2-beaubourg", "phone": null, "facebook": "https://www.facebook.com/mk2beaubourg", "wikidata": "Q3273024", "siret": null, "com_insee": "75056", "com_nom": "Paris" }, "geometry": { "type": "Point", "coordinates": [ 2.3524143, 48.861573799726649 ] } },
{ "type": "Feature", "properties": { "osm_id": "node/429464447", "ref_cnc": "8661", "name": "L'Escurial", "marque": "Les Écrans de Paris", "wheelchair": null, "opening_hours": null, "open_air": null, "drive_in": null, "cinema3d": null, "nb_screens": null, "capacity": null, "acoustic": null, "website": "http://www.lesecransdeparis.fr/cinema/2794/escurial/portail", "phone": null, "facebook": null, "wikidata": "Q3203236", "siret": null, "com_insee": "75056", "com_nom": "Paris" }, "geometry": { "type": "Point", "coordinates": [ 2.3496494, 48.836771799732823 ] } },
{ "type": "Feature", "properties": { "osm_id": "node/4302298381", "ref_cnc": "814", "name": "Le Lucernaire", "marque": null, "wheelchair": null, "opening_hours": null, "open_air": null, "drive_in": null, "cinema3d": null, "nb_screens": null, "capacity": null, "acoustic": null, "website": "http://www.lucernaire.fr/", "phone": null, "facebook": null, "wikidata": null, "siret": null, "com_insee": "75056", "com_nom": "Paris" }, "geometry": { "type": "Point", "coordinates": [ 2.3304411, 48.844311299730933 ] } },
{ "type": "Feature", "properties": { "osm_id": "node/4362111791", "ref_cnc": "9700", "name": "Pathé Beaugrenelle", "marque": "Pathé Gaumont", "wheelchair": "yes", "opening_hours": "Mo-Su 09:30-00:00", "open_air": null, "drive_in": null, "cinema3d": null, "nb_screens": "10", "capacity": null, "acoustic": null, "website": "https://www.cinemaspathegaumont.com/cinemas/cinema-pathe-beaugrenelle", "phone": "+33892696696", "facebook": null, "wikidata": "Q3060526", "siret": null, "com_insee": "75056", "com_nom": "Paris" }, "geometry": { "type": "Point", "coordinates": [ 2.2822785, 48.849170899729728 ] } },
{ "type": "Feature", "properties": { "osm_id": "node/445621520", "ref_cnc": "8522", "name": "La Clef Revival", "marque": null, "wheelchair": null, "opening_hours": null, "open_air": null, "drive_in": null, "cinema3d": null, "nb_screens": null, "capacity": null, "acoustic": null, "website": "https://laclefrevival.com/", "phone": null, "facebook": "https://www.facebook.com/laclefrevival/", "wikidata": "Q3207505", "siret": null, "com_insee": "75056", "com_nom": "Paris" }, "geometry": { "type": "Point", "coordinates": [ 2.3524312, 48.841161299731723 ] } },
{ "type": "Feature", "properties": { "osm_id": "node/4569383729", "ref_cnc": "9920", "name": "Cinéma Pathé La Villette", "marque": "Pathé Gaumont", "wheelchair": "yes", "opening_hours": null, "open_air": null, "drive_in": null, "cinema3d": null, "nb_screens": null, "capacity": null, "acoustic": null, "website": "http://www.cinemasgaumontpathe.com/cinemas/cinema-pathe-la-villette/", "phone": null, "facebook": null, "wikidata": "Q3060526", "siret": null, "com_insee": "75056", "com_nom": "Paris" }, "geometry": { "type": "Point", "coordinates": [ 2.3890162, 48.896209599718055 ] } },
{ "type": "Feature", "properties": { "osm_id": "node/457090434", "ref_cnc": "8425", "name": "La Filmothèque du Quartier Latin", "marque": null, "wheelchair": null, "opening_hours": null, "open_air": null, "drive_in": null, "cinema3d": null, "nb_screens": "2", "capacity": "164", "acoustic": null, "website": "http://www.lafilmotheque.fr/", "phone": null, "facebook": "https://www.facebook.com/lafilmotheque", "wikidata": "Q3072152", "siret": null, "com_insee": "75056", "com_nom": "Paris" }, "geometry": { "type": "Point", "coordinates": [ 2.3428666, 48.849496499729639 ] } },
{ "type": "Feature", "properties": { "osm_id": "node/4584193728", "ref_cnc": "9351", "name": "MK2 Grand Palais", "marque": "MK2", "wheelchair": null, "opening_hours": null, "open_air": null, "drive_in": null, "cinema3d": null, "nb_screens": "1", "capacity": "92", "acoustic": null, "website": "https://www.mk2.com/salles/mk2-grand-palais", "phone": null, "facebook": "https://www.facebook.com/mk2grandpalais/", "wikidata": "Q65130028", "siret": "84492398700060", "com_insee": "75056", "com_nom": "Paris" }, "geometry": { "type": "Point", "coordinates": [ 2.3124334, 48.865242999725751 ] } },
{ "type": "Feature", "properties": { "osm_id": "node/4691885430", "ref_cnc": "801", "name": "MK2 Parnasse", "marque": "MK2", "wheelchair": null, "opening_hours": null, "open_air": null, "drive_in": null, "cinema3d": null, "nb_screens": "3", "capacity": "284", "acoustic": null, "website": "https://www.mk2.com/salles/mk2-parnasse", "phone": null, "facebook": "https://www.facebook.com/mk2parnasse", "wikidata": "Q3273031", "siret": null, "com_insee": "75056", "com_nom": "Paris" }, "geometry": { "type": "Point", "coordinates": [ 2.3305253, 48.842758499731325 ] } },
{ "type": "Feature", "properties": { "osm_id": "node/530272920", "ref_cnc": "6531", "name": "UGC Lyon Bastille", "marque": "UGC", "wheelchair": null, "opening_hours": null, "open_air": null, "drive_in": null, "cinema3d": null, "nb_screens": "7", "capacity": "1274", "acoustic": "voice_description", "website": "https://www.ugc.fr/cinema.html?id=11", "phone": "+331 46 37 28 24", "facebook": "https://www.facebook.com/UGCLyonBastille/", "wikidata": "Q42296579", "siret": null, "com_insee": "75056", "com_nom": "Paris" }, "geometry": { "type": "Point", "coordinates": [ 2.3719469, 48.847520099730133 ] } },
{ "type": "Feature", "properties": { "osm_id": "node/530273787", "ref_cnc": "5841", "name": "MK2 Bastille (côté Faubourg Saint-Antoine)", "marque": "MK2", "wheelchair": null, "opening_hours": null, "open_air": null, "drive_in": null, "cinema3d": null, "nb_screens": "3", "capacity": "430", "acoustic": null, "website": "https://www.mk2.com/salles/mk2-bastille-beaumarchais-fg-st-antoine", "phone": null, "facebook": null, "wikidata": "Q3206477", "siret": null, "com_insee": "75056", "com_nom": "Paris" }, "geometry": { "type": "Point", "coordinates": [ 2.3707603, 48.853161799728738 ] } },
{ "type": "Feature", "properties": { "osm_id": "node/530273789", "ref_cnc": "5852", "name": "Majestic Bastille", "marque": "Majestic", "wheelchair": null, "opening_hours": null, "open_air": null, "drive_in": null, "cinema3d": null, "nb_screens": null, "capacity": null, "acoustic": null, "website": "http://www.lesecransdeparis.fr/nos-salles~majestic-bastille", "phone": null, "facebook": null, "wikidata": "Q3280482", "siret": null, "com_insee": "75056", "com_nom": "Paris" }, "geometry": { "type": "Point", "coordinates": [ 2.3699642, 48.853968799728541 ] } },
{ "type": "Feature", "properties": { "osm_id": "node/530885660", "ref_cnc": "8391", "name": "Le Panthéon", "marque": null, "wheelchair": null, "opening_hours": null, "open_air": null, "drive_in": null, "cinema3d": null, "nb_screens": null, "capacity": null, "acoustic": null, "website": "https://www.whynotproductions.fr/pantheon/", "phone": null, "facebook": null, "wikidata": "Q2973174", "siret": null, "com_insee": "75056", "com_nom": "Paris" }, "geometry": { "type": "Point", "coordinates": [ 2.3423475, 48.847497499730146 ] } },
{ "type": "Feature", "properties": { "osm_id": "node/530885855", "ref_cnc": "8392", "name": "Accattone", "marque": null, "wheelchair": null, "opening_hours": null, "open_air": null, "drive_in": null, "cinema3d": null, "nb_screens": null, "capacity": null, "acoustic": null, "website": null, "phone": null, "facebook": null, "wikidata": "Q2822663", "siret": null, "com_insee": "75056", "com_nom": "Paris" }, "geometry": { "type": "Point", "coordinates": [ 2.3418405, 48.848252399729958 ] } },
{ "type": "Feature", "properties": { "osm_id": "node/546922441", "ref_cnc": "3211", "name": "Cinéma des Cinéastes", "marque": null, "wheelchair": "yes", "opening_hours": null, "open_air": null, "drive_in": "no", "cinema3d": null, "nb_screens": null, "capacity": null, "acoustic": "voice_description", "website": "http://www.cinema-des-cineastes.fr/", "phone": "+33 1 53 42 40 20", "facebook": null, "wikidata": "Q2973171", "siret": null, "com_insee": "75056", "com_nom": "Paris" }, "geometry": { "type": "Point", "coordinates": [ 2.3268322, 48.884298499721012 ] } },
{ "type": "Feature", "properties": { "osm_id": "node/554267918", "ref_cnc": "733", "name": "Studio Galande", "marque": null, "wheelchair": null, "opening_hours": null, "open_air": null, "drive_in": null, "cinema3d": null, "nb_screens": null, "capacity": null, "acoustic": null, "website": "http://www.studiogalande.fr/", "phone": null, "facebook": null, "wikidata": "Q3500983", "siret": null, "com_insee": "75056", "com_nom": "Paris" }, "geometry": { "type": "Point", "coordinates": [ 2.3471068, 48.851634099729111 ] } },
{ "type": "Feature", "properties": { "osm_id": "node/5927447654", "ref_cnc": null, "name": "Atlas", "marque": null, "wheelchair": null, "opening_hours": null, "open_air": null, "drive_in": null, "cinema3d": null, "nb_screens": "2", "capacity": null, "acoustic": null, "website": null, "phone": null, "facebook": null, "wikidata": null, "siret": null, "com_insee": "75056", "com_nom": "Paris" }, "geometry": { "type": "Point", "coordinates": [ 2.3376897, 48.882556699721434 ] } },
{ "type": "Feature", "properties": { "osm_id": "node/599514506", "ref_cnc": "1791", "name": "Luminor - Hôtel de ville", "marque": null, "wheelchair": null, "opening_hours": null, "open_air": null, "drive_in": null, "cinema3d": null, "nb_screens": null, "capacity": null, "acoustic": null, "website": "https://www.luminor-hoteldeville.com", "phone": null, "facebook": null, "wikidata": "Q3345032", "siret": null, "com_insee": "75056", "com_nom": "Paris" }, "geometry": { "type": "Point", "coordinates": [ 2.3536545, 48.858684599727368 ] } },
{ "type": "Feature", "properties": { "osm_id": "node/6576684299", "ref_cnc": "9802", "name": "Club de l'Étoile", "marque": null, "wheelchair": null, "opening_hours": null, "open_air": null, "drive_in": null, "cinema3d": null, "nb_screens": "1", "capacity": "161", "acoustic": null, "website": "https://clubdeletoile.fr", "phone": "+33 1 43 80 73 69", "facebook": "clubdeletoile", "wikidata": "Q97320830", "siret": "32795731200017", "com_insee": "75056", "com_nom": "Paris" }, "geometry": { "type": "Point", "coordinates": [ 2.2953519, 48.876128899723035 ] } },
{ "type": "Feature", "properties": { "osm_id": "node/687044630", "ref_cnc": "321", "name": "Gaumont Opéra Premier", "marque": "Pathé Gaumont", "wheelchair": "yes", "opening_hours": null, "open_air": null, "drive_in": null, "cinema3d": null, "nb_screens": null, "capacity": null, "acoustic": null, "website": "https://www.cinemaspathegaumont.com/cinemas/cinema-pathe-opera", "phone": null, "facebook": null, "wikidata": "Q42296156", "siret": null, "com_insee": "75056", "com_nom": "Paris" }, "geometry": { "type": "Point", "coordinates": [ 2.3344487, 48.870655599724401 ] } },
{ "type": "Feature", "properties": { "osm_id": "node/690982176", "ref_cnc": "311", "name": "Le Grand Rex", "marque": null, "wheelchair": null, "opening_hours": null, "open_air": null, "drive_in": null, "cinema3d": null, "nb_screens": null, "capacity": null, "acoustic": null, "website": "https://www.legrandrex.com", "phone": null, "facebook": "https://www.facebook.com/GrandRexParis", "wikidata": "Q1809902", "siret": "50763357600016", "com_insee": "75056", "com_nom": "Paris" }, "geometry": { "type": "Point", "coordinates": [ 2.3476486, 48.87053339972443 ] } },
{ "type": "Feature", "properties": { "osm_id": "node/7242916434", "ref_cnc": "9803", "name": "Les 7 Batignolles", "marque": "Cine-Movida", "wheelchair": "yes", "opening_hours": null, "open_air": null, "drive_in": null, "cinema3d": null, "nb_screens": "7", "capacity": null, "acoustic": null, "website": "https://cinema-7batignolles.fr/", "phone": "+33 1 84 79 92 10", "facebook": "7Batignolles", "wikidata": "Q97321297", "siret": null, "com_insee": "75056", "com_nom": "Paris" }, "geometry": { "type": "Point", "coordinates": [ 2.310101, 48.892592699718968 ] } },
{ "type": "Feature", "properties": { "osm_id": "node/7768900435", "ref_cnc": "3222", "name": "Pathé Wepler", "marque": "Pathé Gaumont", "wheelchair": null, "opening_hours": null, "open_air": null, "drive_in": null, "cinema3d": null, "nb_screens": "12", "capacity": "2139", "acoustic": null, "website": "http://www.cinemasgaumontpathe.com/cinemas/cinema-pathe-wepler/informations-pratiques.html", "phone": "+33 1 43 87 34 63", "facebook": "PatheWepler", "wikidata": "Q3368730", "siret": "38958984700067", "com_insee": "75056", "com_nom": "Paris" }, "geometry": { "type": "Point", "coordinates": [ 2.3281131, 48.883990799721083 ] } },
{ "type": "Feature", "properties": { "osm_id": "node/7769027851", "ref_cnc": "612", "name": "UGC Ciné Cité Maillot", "marque": "UGC", "wheelchair": null, "opening_hours": null, "open_air": null, "drive_in": null, "cinema3d": null, "nb_screens": "12", "capacity": null, "acoustic": null, "website": "https://www.ugc.fr/cinema.html?id=7", "phone": "+33 8 92 70 00 00", "facebook": "307341253474422", "wikidata": "Q42296729", "siret": "34780600200411", "com_insee": "75056", "com_nom": "Paris" }, "geometry": { "type": "Point", "coordinates": [ 2.284076, 48.879933799722089 ] } },
{ "type": "Feature", "properties": { "osm_id": "node/778288996", "ref_cnc": "891", "name": "Le Saint-Germain des Prés", "marque": "Etoile Cinémas", "wheelchair": null, "opening_hours": null, "open_air": null, "drive_in": null, "cinema3d": null, "nb_screens": null, "capacity": null, "acoustic": null, "website": "www.etoile-cinema.com/", "phone": null, "facebook": null, "wikidata": "Q3226863", "siret": null, "com_insee": "75056", "com_nom": "Paris" }, "geometry": { "type": "Point", "coordinates": [ 2.3333477, 48.854648399728383 ] } },
{ "type": "Feature", "properties": { "osm_id": "node/785542377", "ref_cnc": "8291", "name": "L'Arlequin", "marque": "Les Écrans de Paris", "wheelchair": null, "opening_hours": null, "open_air": null, "drive_in": null, "cinema3d": null, "nb_screens": null, "capacity": null, "acoustic": "voice_description", "website": "http://www.lesecransdeparis.fr/cinema/2625/arlequin/portail", "phone": null, "facebook": null, "wikidata": "Q3202310", "siret": null, "com_insee": "75056", "com_nom": "Paris" }, "geometry": { "type": "Point", "coordinates": [ 2.3304049, 48.851193099729244 ] } },
{ "type": "Feature", "properties": { "osm_id": "node/828728735", "ref_cnc": "54", "name": "Gaumont Champs-Élysées", "marque": "Pathé Gaumont", "wheelchair": "limited", "opening_hours": "Mo-Su 00:00-00:30,10:00-24:00; Tu 00:00-00:30,10:00-22:30; We 10:00-24:00", "open_air": null, "drive_in": null, "cinema3d": null, "nb_screens": null, "capacity": null, "acoustic": null, "website": "https://www.cinemaspathegaumont.com/cinemas/cinema-gaumont-champs-elysees", "phone": "+33 892 696 696", "facebook": "GaumontChampsElysees", "wikidata": "Q97317526", "siret": "43839110400033", "com_insee": "75056", "com_nom": "Paris" }, "geometry": { "type": "Point", "coordinates": [ 2.3072977, 48.869498099724694 ] } },
{ "type": "Feature", "properties": { "osm_id": "node/829202986", "ref_cnc": "55", "name": "Le Lincoln", "marque": null, "wheelchair": null, "opening_hours": null, "open_air": null, "drive_in": null, "cinema3d": null, "nb_screens": null, "capacity": null, "acoustic": null, "website": "http://www.lelincoln.com/", "phone": null, "facebook": null, "wikidata": "Q42296693", "siret": null, "com_insee": "75056", "com_nom": "Paris" }, "geometry": { "type": "Point", "coordinates": [ 2.3032157, 48.870547899724414 ] } },
{ "type": "Feature", "properties": { "osm_id": "node/8754464632", "ref_cnc": null, "name": "Auditorium de la Cité de l'architecture et du patrimoine", "marque": null, "wheelchair": null, "opening_hours": null, "open_air": null, "drive_in": null, "cinema3d": null, "nb_screens": "1", "capacity": null, "acoustic": null, "website": null, "phone": null, "facebook": null, "wikidata": null, "siret": null, "com_insee": "75056", "com_nom": "Paris" }, "geometry": { "type": "Point", "coordinates": [ 2.291028, 48.863054799726278 ] } },
{ "type": "Feature", "properties": { "osm_id": "node/8999402818", "ref_cnc": null, "name": "Cinéma en plein air de La Vilette", "marque": null, "wheelchair": null, "opening_hours": "juillet août", "open_air": null, "drive_in": null, "cinema3d": null, "nb_screens": null, "capacity": null, "acoustic": null, "website": null, "phone": null, "facebook": null, "wikidata": null, "siret": null, "com_insee": "75056", "com_nom": "Paris" }, "geometry": { "type": "Point", "coordinates": [ 2.3920312, 48.891713499719181 ] } },
{ "type": "Feature", "properties": { "osm_id": "node/929916801", "ref_cnc": "8353", "name": "UGC Odéon", "marque": "UGC", "wheelchair": "yes", "opening_hours": null, "open_air": null, "drive_in": null, "cinema3d": null, "nb_screens": "5", "capacity": null, "acoustic": "voice_description", "website": "https://www.ugc.fr/cinema.html?id=13", "phone": null, "facebook": null, "wikidata": "Q1643241", "siret": null, "com_insee": "75056", "com_nom": "Paris" }, "geometry": { "type": "Point", "coordinates": [ 2.3398708, 48.852361399728935 ] } },
{ "type": "Feature", "properties": { "osm_id": "node/929916803", "ref_cnc": "8331", "name": "UGC Danton", "marque": "UGC", "wheelchair": "yes", "opening_hours": null, "open_air": null, "drive_in": null, "cinema3d": null, "nb_screens": "4", "capacity": null, "acoustic": "voice_description", "website": "https://www.ugc.fr/cinema.html?id=4", "phone": null, "facebook": null, "wikidata": "Q1643241", "siret": null, "com_insee": "75056", "com_nom": "Paris" }, "geometry": { "type": "Point", "coordinates": [ 2.3389545, 48.852133499728986 ] } },
{ "type": "Feature", "properties": { "osm_id": "node/952053744", "ref_cnc": "no", "name": "Cinéma Louis Lumière", "marque": null, "wheelchair": "yes", "opening_hours": null, "open_air": null, "drive_in": null, "cinema3d": null, "nb_screens": null, "capacity": null, "acoustic": null, "website": "http://www.cite-sciences.fr/fr/au-programme/animations-spectacles/cinema/", "phone": null, "facebook": null, "wikidata": null, "siret": null, "com_insee": "75056", "com_nom": "Paris" }, "geometry": { "type": "Point", "coordinates": [ 2.3864414, 48.895364899718253 ] } },
{ "type": "Feature", "properties": { "osm_id": "node/9542944867", "ref_cnc": null, "name": "Pathé Wepler", "marque": null, "wheelchair": null, "opening_hours": null, "open_air": null, "drive_in": null, "cinema3d": null, "nb_screens": null, "capacity": null, "acoustic": null, "website": null, "phone": null, "facebook": null, "wikidata": null, "siret": null, "com_insee": "75056", "com_nom": "Paris" }, "geometry": { "type": "Point", "coordinates": [ 2.3273141, 48.884226699721026 ] } },
{ "type": "Feature", "properties": { "osm_id": "node/9569632670", "ref_cnc": "8451", "name": "Studio des Ursulines", "marque": null, "wheelchair": null, "opening_hours": null, "open_air": null, "drive_in": null, "cinema3d": null, "nb_screens": null, "capacity": null, "acoustic": null, "website": "http://www.studiodesursulines.com/", "phone": null, "facebook": null, "wikidata": "Q3501027", "siret": null, "com_insee": "75056", "com_nom": "Paris" }, "geometry": { "type": "Point", "coordinates": [ 2.3420612, 48.842747699731319 ] } },
{ "type": "Feature", "properties": { "osm_id": "way/195220622", "ref_cnc": "9950", "name": "Cinéma CGR Paris Lilas", "marque": "CGR cinémas", "wheelchair": "yes", "opening_hours": null, "open_air": null, "drive_in": null, "cinema3d": null, "nb_screens": null, "capacity": null, "acoustic": "voice_description", "website": "https://www.cgrcinemas.fr/paris-lilas/", "phone": null, "facebook": null, "wikidata": "Q2931406", "siret": null, "com_insee": "75056", "com_nom": "Paris" }, "geometry": { "type": "Point", "coordinates": [ 2.409456433795482, 48.877463195851917 ] } },
{ "type": "Feature", "properties": { "osm_id": "way/244081955", "ref_cnc": "9906", "name": "UGC Ciné Cité Paris 19", "marque": "UGC", "wheelchair": "yes", "opening_hours": null, "open_air": null, "drive_in": null, "cinema3d": null, "nb_screens": "14", "capacity": null, "acoustic": "voice_description", "website": "https://www.ugc.fr/cinema.html?id=37", "phone": null, "facebook": null, "wikidata": "Q42296757", "siret": null, "com_insee": "75056", "com_nom": "Paris" }, "geometry": { "type": "Point", "coordinates": [ 2.37678386208075, 48.899362722525062 ] } },
{ "type": "Feature", "properties": { "osm_id": "way/311101603", "ref_cnc": null, "name": "Forum des Images", "marque": null, "wheelchair": "yes", "opening_hours": null, "open_air": null, "drive_in": "no", "cinema3d": null, "nb_screens": null, "capacity": null, "acoustic": null, "website": "https://www.forumdesimages.fr/", "phone": null, "facebook": null, "wikidata": null, "siret": null, "com_insee": "75056", "com_nom": "Paris" }, "geometry": { "type": "Point", "coordinates": [ 2.345079630524628, 48.86233755637862 ] } },
{ "type": "Feature", "properties": { "osm_id": "way/326832121", "ref_cnc": "7394", "name": "Gaumont Convention", "marque": "Pathé Gaumont", "wheelchair": null, "opening_hours": null, "open_air": "no", "drive_in": "no", "cinema3d": null, "nb_screens": "9", "capacity": null, "acoustic": null, "website": "http://www.cinemasgaumontpathe.com/cinemas/cinema-gaumont-convention/", "phone": null, "facebook": null, "wikidata": "Q24931807", "siret": null, "com_insee": "75056", "com_nom": "Paris" }, "geometry": { "type": "Point", "coordinates": [ 2.296510121839959, 48.837795008811625 ] } },
{ "type": "Feature", "properties": { "osm_id": "way/365953143", "ref_cnc": null, "name": "Cinéma 1", "marque": null, "wheelchair": null, "opening_hours": null, "open_air": null, "drive_in": null, "cinema3d": null, "nb_screens": null, "capacity": null, "acoustic": null, "website": "https://www.centrepompidou.fr/fr/lib/Cinema-et-video", "phone": null, "facebook": null, "wikidata": null, "siret": null, "com_insee": "75056", "com_nom": "Paris" }, "geometry": { "type": "Point", "coordinates": [ 2.352820252135206, 48.861164951969762 ] } },
{ "type": "Feature", "properties": { "osm_id": "way/365953144", "ref_cnc": null, "name": "Cinéma 2", "marque": null, "wheelchair": null, "opening_hours": null, "open_air": null, "drive_in": null, "cinema3d": null, "nb_screens": null, "capacity": null, "acoustic": null, "website": "https://www.centrepompidou.fr/fr/lib/Cinema-et-video", "phone": null, "facebook": null, "wikidata": null, "siret": null, "com_insee": "75056", "com_nom": "Paris" }, "geometry": { "type": "Point", "coordinates": [ 2.352268620131456, 48.860140708679467 ] } },
{ "type": "Feature", "properties": { "osm_id": "way/40579763", "ref_cnc": "721", "name": "MK2 Odéon (côté Saint-Michel)", "marque": "MK2", "wheelchair": null, "opening_hours": null, "open_air": null, "drive_in": null, "cinema3d": null, "nb_screens": "4", "capacity": "690", "acoustic": null, "website": "https://www.mk2.com/salles/mk2-odeon-0", "phone": null, "facebook": "https://www.facebook.com/mk2odeonstmichel", "wikidata": "Q3273028", "siret": null, "com_insee": "75056", "com_nom": "Paris" }, "geometry": { "type": "Point", "coordinates": [ 2.342877704066034, 48.85219272355905 ] } },
{ "type": "Feature", "properties": { "osm_id": "way/62379531", "ref_cnc": "9600", "name": "MK2 Bibliothèque", "marque": "MK2", "wheelchair": "yes", "opening_hours": null, "open_air": null, "drive_in": null, "cinema3d": "yes", "nb_screens": "16", "capacity": "2981", "acoustic": null, "website": "https://www.mk2.com/salle/bibliotheque", "phone": null, "facebook": "mk2bibliotheque", "wikidata": "Q3273025", "siret": null, "com_insee": "75056", "com_nom": "Paris" }, "geometry": { "type": "Point", "coordinates": [ 2.375485078787035, 48.832438568477613 ] } },
{ "type": "Feature", "properties": { "osm_id": "way/630982183", "ref_cnc": "1681", "name": "UGC Ciné-Cité Les Halles", "marque": "UGC", "wheelchair": "yes", "opening_hours": null, "open_air": null, "drive_in": null, "cinema3d": null, "nb_screens": null, "capacity": null, "acoustic": null, "website": "https://www.ugc.fr/cinema.html?id=10", "phone": null, "facebook": null, "wikidata": "Q3547183", "siret": null, "com_insee": "75056", "com_nom": "Paris" }, "geometry": { "type": "Point", "coordinates": [ 2.343595372729397, 48.862550720288866 ] } },
{ "type": "Feature", "properties": { "osm_id": "way/63198697", "ref_cnc": "9452", "name": "Le Louxor", "marque": "Haut et Court", "wheelchair": "yes", "opening_hours": null, "open_air": null, "drive_in": null, "cinema3d": null, "nb_screens": null, "capacity": null, "acoustic": "voice_description", "website": "https://www.cinemalouxor.fr/", "phone": "+33 1 44 63 96 96", "facebook": null, "wikidata": "Q1809954", "siret": null, "com_insee": "75056", "com_nom": "Paris" }, "geometry": { "type": "Point", "coordinates": [ 2.350063522923384, 48.883511703410448 ] } },
{ "type": "Feature", "properties": { "osm_id": "way/63971384", "ref_cnc": "9900", "name": "MK2 Quai de Loire", "marque": "MK2", "wheelchair": null, "opening_hours": null, "open_air": null, "drive_in": null, "cinema3d": null, "nb_screens": "6", "capacity": "1108", "acoustic": null, "website": "https://www.mk2.com/salles/mk2-quai-seine-quai-loire", "phone": null, "facebook": "https://www.facebook.com/mk2quaideloire", "wikidata": "Q3273032", "siret": null, "com_insee": "75056", "com_nom": "Paris" }, "geometry": { "type": "Point", "coordinates": [ 2.372181984006655, 48.884190873448382 ] } },
{ "type": "Feature", "properties": { "osm_id": "way/64039320", "ref_cnc": "4731", "name": "MK2 Quai de Seine", "marque": "MK2", "wheelchair": null, "opening_hours": null, "open_air": null, "drive_in": null, "cinema3d": null, "nb_screens": "6", "capacity": "992", "acoustic": null, "website": "https://www.mk2.com/salles/mk2-quai-seine-quai-loire", "phone": null, "facebook": "https://www.facebook.com/mk2quaideseine", "wikidata": "Q3273032", "siret": null, "com_insee": "75056", "com_nom": "Paris" }, "geometry": { "type": "Point", "coordinates": [ 2.371406699898271, 48.884977807299421 ] } },
{ "type": "Feature", "properties": { "osm_id": "way/64040790", "ref_cnc": "4571", "name": "Géode", "marque": null, "wheelchair": "yes", "opening_hours": null, "open_air": null, "drive_in": "no", "cinema3d": "yes", "nb_screens": null, "capacity": "400", "acoustic": null, "website": "https://www.lageode.fr/", "phone": "+33140057999", "facebook": null, "wikidata": "Q2280550", "siret": null, "com_insee": "75056", "com_nom": "Paris" }, "geometry": { "type": "Point", "coordinates": [ 2.38865648044957, 48.894568203613332 ] } },
{ "type": "Feature", "properties": { "osm_id": "way/69226411", "ref_cnc": null, "name": "Paris Story", "marque": null, "wheelchair": null, "opening_hours": null, "open_air": null, "drive_in": null, "cinema3d": null, "nb_screens": null, "capacity": null, "acoustic": null, "website": "https://www.paris-story.com", "phone": "+33 1 42 66 62 06", "facebook": "https://www.facebook.com/paris.story", "wikidata": null, "siret": null, "com_insee": "75056", "com_nom": "Paris" }, "geometry": { "type": "Point", "coordinates": [ 2.330507173704115, 48.87238640159439 ] } },
{ "type": "Feature", "properties": { "osm_id": "way/70150588", "ref_cnc": "5691", "name": "MK2 Gambetta", "marque": "MK2", "wheelchair": "no", "opening_hours": "Mo-Su 10:00-23:00", "open_air": null, "drive_in": null, "cinema3d": null, "nb_screens": "6", "capacity": "1238", "acoustic": null, "website": "https://www.mk2.com/salles/mk2-gambetta", "phone": null, "facebook": "https://www.facebook.com/mk2gambetta", "wikidata": "Q3273026", "siret": null, "com_insee": "75056", "com_nom": "Paris" }, "geometry": { "type": "Point", "coordinates": [ 2.399535223504876, 48.86463667460572 ] } },
{ "type": "Feature", "properties": { "osm_id": "way/78271296", "ref_cnc": "6611", "name": "UGC Ciné Cité Bercy", "marque": "UGC", "wheelchair": "yes", "opening_hours": null, "open_air": null, "drive_in": null, "cinema3d": "yes", "nb_screens": null, "capacity": null, "acoustic": "voice_description", "website": "https://www.ugc.fr/cinema.html?id=12", "phone": "+33 1 46 37 28 24", "facebook": null, "wikidata": "Q3547185", "siret": null, "com_insee": "75056", "com_nom": "Paris" }, "geometry": { "type": "Point", "coordinates": [ 2.385269922740648, 48.83218757914176 ] } },
{ "type": "Feature", "properties": { "osm_id": "way/78534914", "ref_cnc": "no", "name": "Fondation Jérôme Seydoux-Pathé", "marque": "Pathé Gaumont", "wheelchair": null, "opening_hours": null, "open_air": null, "drive_in": null, "cinema3d": null, "nb_screens": null, "capacity": "70", "acoustic": null, "website": "http://fondation-jeromeseydoux-pathe.com/", "phone": null, "facebook": null, "wikidata": "Q3527752", "siret": null, "com_insee": "75056", "com_nom": "Paris" }, "geometry": { "type": "Point", "coordinates": [ 2.354910290530124, 48.833494910911931 ] } },
{ "type": "Feature", "properties": { "osm_id": "way/79628456", "ref_cnc": "8132", "name": "Gaumont Alésia", "marque": "Pathé Gaumont", "wheelchair": "yes", "opening_hours": null, "open_air": null, "drive_in": null, "cinema3d": null, "nb_screens": null, "capacity": null, "acoustic": null, "website": "https://www.cinemaspathegaumont.com/cinemas/cinema-gaumont-alesia", "phone": "+33892696696", "facebook": null, "wikidata": "Q42296613", "siret": null, "com_insee": "75056", "com_nom": "Paris" }, "geometry": { "type": "Point", "coordinates": [ 2.327778002801505, 48.828123927659945 ] } }
]
}
